"Master Site"		ftp://ftp.kernel.org
"Custom Mirror"		Custom
Albania			http://www.al.kernel.org
Albania			ftp://ftp.al.kernel.org
Algeria			http://www.dz.kernel.org
Algeria			ftp://ftp.dz.kernel.org
American Samoa		http://www.as.kernel.org
American Samoa		ftp://ftp.as.kernel.org
Andorra			http://www.ad.kernel.org
Andorra			ftp://ftp.ad.kernel.org
Angola			http://www.ai.kernel.org
Angola			ftp://ftp.ai.kernel.org
Anguilla		http://www.ai.kernel.org
Anguilla		ftp://ftp.ai.kernel.org
Antarctica		http://www.aq.kernel.org
Antarctica		ftp://ftp.aq.kernel.org
Antigua and Barbuda	http://www.ag.kernel.org
Antigua and Barbuda	ftp://ftp.ag.kernel.org
Argentina		http://www.ag.kernel.org
Argentina		ftp://ftp.ag.kernel.org
Armenia			http://www.am.kernel.org
Armenia			ftp://ftp.am.kernel.org
Aruba			http://www.aw.kernel.org
Aruba			ftp://ftp.aw.kernel.org
Ascension Island	http://www.ac.kernel.org
Ascension Island	ftp://ftp.ac.kernel.org
Australia		http://www.au.kernel.org
Australia		ftp://ftp.au.kernel.org
Austria			http://www.at.kernel.org
Austria			ftp://ftp.at.kernel.org
Azerbaijan		http://www.az.kernel.org
Azerbaijan		ftp://ftp.az.kernel.org
Aland			http://www.av.kernel.org
Aland			ftp://ftp.av.kernel.org
Bahamas			http://www.bs.kernel.org
Bahamas			ftp://ftp.bs.kernel.org
Bahrain			http://www.bh.kernel.org
Bahrain			ftp://ftp.bh.kernel.org
Bangladesh		http://www.bd.kernel.org
Bangladesh		ftp://ftp.bd.kernel.org
Barbados		http://www.bb.kernel.org
Barbados		ftp://ftp.bb.kernel.org
Belarus			http://www.by.kernel.org
Belarus			ftp://ftp.by.kernel.org
Belgium			http://www.be.kernel.org
Belgium			ftp://ftp.be.kernel.org
Belize			http://www.bz.kernel.org
Belize			ftp://ftp.bz.kernel.org
Benin			http://www.bj.kernel.org
Benin			ftp://ftp.bj.kernel.org
Bermuda			http://www.vm.kernel.org
Bermuda			ftp://ftp.bm.kernel.org
Bhuta'n			http://www.bt.kernel.org
Bhuta'n			ftp://ftp.bt.kernel.org
Bolivia			http://www.bo.kernel.org
Bolivia			ftp://ftp.bo.kernel.org
Bosnia and Herzegowina	http://www.ba.kernel.org
Bosnia and Herzegowina	ftp://ftp.ba.kernel.org
Botswana		http://www.bw.kernel.org
Botswana		ftp://ftp.bw.kernel.org
Bouvet Island		http://www.bv.kernel.org
Bouvet Island		ftp://ftp.bv.kernel.org
Brazil			http://www.br.kernel.org
Brazil			ftp://ftp.br.kernel.org
British Indian Ocean Territory		http://www.io.kernel.org
British Indian Ocean Territory		ftp://ftp.io.kernel.org
Brunei Darussalam	http://www.bn.kernel.org
Brunei Darussalam	ftp://ftp.bn.kernel.org
Bulgaria		http://www.bg.kernel.org
Bulgaria		ftp://ftp.bg.kernel.org
Burkina Faso		http://www.bf.kernel.org
Burkina Faso		ftp://ftp.bf.kernel.org
Burundi			http://www.bi.kernel.org
Burundi			ftp://ftp.bi.kernel.org
Cambodia		http://www.kh.kernel.org
Cambodia		ftp://ftp.kh.kernel.org
Cameroon		http://www.cm.kernel.org
Cameroon		ftp://ftp.cm.kernel.org
Canada			http://www.ca.kernel.org
Canada			ftp://ftp.ca.kernel.org
Canary Islands		http://www.ic.kernel.org
Canary Islands		ftp://ftp.ic.kernel.org
Cape Verde		http://www.cv.kernel.org
Cape Verde		ftp://ftp.cv.kernel.org
Cayman Islands		http://www.ky.kernel.org
Cayman Islands		ftp://ftp.ky.kernel.org
Central African Republic	http://www.cf.kernel.org
Central African Republic	ftp://ftp.cf.kernel.org
Ceuta, Melilla		http://www.ea.kernel.org
Ceuta, Melilla		ftp://ftp.ea.kernel.org
Chad		http://www.td.kernel.org
Chad		ftp://ftp.td.kernel.org
Chile		http://www.cl.kernel.org
Chile		ftp://ftp.cl.kernel.org
China		http://www.cn.kernel.org
China		ftp://ftp.cn.kernel.org
Christmas Island	http://www.cx.kernel.org
Christmas Island	ftp://ftp.cx.kernel.org
Clipperton Island	http://www.cp.kernel.org
Clipperton Island	ftp://ftp.cp.kernel.org
Cocos (Keeling) Islands		http://www.cc.kernel.org
Cocos (Keeling) Islands		ftp://ftp.cc.kernel.org
Colombia		http://www.co.kernel.org
Colombia		ftp://ftp.co.kernel.org
Comoros		http://www.km.kernel.org
Comoros		ftp://ftp.km.kernel.org
Congo, Republic of	http://www.cg.kernel.org
Congo, Republic of	ftp://ftp.cg.kernel.org
Congo, Democratic Republic of The	http://www.cd.kernel.org
Congo, Democratic Republic of The	ftp://ftp.cd.kernel.org
Cook Islands		http://www.ck.kernel.org
Cook Islands		ftp://ftp.ck.kernel.org
Costa Rica		http://www.cr.kernel.org
Costa Rica		ftp://ftp.cr.kernel.org
Co^te D'Ivoire		http://www.ci.kernel.org
Co^te D'Ivoire		ftp://ftp.ci.kernel.org
Croatia			http://www.hr.kernel.org
Croatia			ftp://ftp.hr.kernel.org
Cyprus			http://www.cy.kernel.org
Cyprus			ftp://ftp.cy.kernel.org
Czech Republic		http://www.cz.kernel.org
Czech Republic		ftp://ftp.cz.kernel.org
Denmark			http://www.dk.kernel.org
Denmark			ftp://ftp.dk.kernel.org
Diego Garcia		http://www.dg.kernel.org
Diego Garcia		ftp://ftp.dg.kernel.org
Djibouti		http://www.dj.kernel.org
Djibouti		ftp://ftp.dj.kernel.org
Dominica		http://www.dm.kernel.org
Dominica		ftp://ftp.dm.kernel.org
Dominican Republic	http://www.do.kernel.org
Dominican Republic	ftp://ftp.do.kernel.org
East Timor		http://www.tp.kernel.org
East Timor		ftp://ftp.tp.kernel.org
Ecuador			http://www.ec.kernel.org
Ecuador			ftp://ftp.ec.kernel.org
Egypt			http://www.eg.kernel.org
Egypt			ftp://ftp.eg.kernel.org
El Salvador		http://www.sv.kernel.org
El Salvador		ftp://ftp.sv.kernel.org
Equatorial Guinea	http://www.gq.kernel.org
Equatorial Guinea	ftp://ftp.gq.kernel.org
Eritrea			http://www.er.kernel.org
Eritrea			ftp://ftp.er.kernel.org
Estonia			http://www.ee.kernel.org
Estonia			ftp://ftp.ee.kernel.org
Ethiopia		http://www.et.kernel.org
Ethiopia		ftp://ftp.et.kernel.org
Falkland Islands (Malvinas)	http://www.fk.kernel.org
Falkland Islands (Malvinas)	ftp://ftp.fk.kernel.org
Faroe Islands		http://www.fo.kernel.org
Faroe Islands		ftp://ftp.fo.kernel.org
Fiji			http://www.fj.kernel.org
Fiji			ftp://ftp.fj.kernel.org
Finland			http://www.fi.kernel.org
Finland			ftp://ftp.fi.kernel.org
France			http://www.fr.kernel.org
France			ftp://ftp.fr.kernel.org
French Guiana		http://www.gf.kernel.org
French Guiana		ftp://ftp.gf.kernel.org
French Polynesia	http://www.pf.kernel.org
French Polynesia	ftp://ftp.pf.kernel.org
French Southern Territories	http://www.tf.kernel.org
French Southern Territories	ftp://ftp.tf.kernel.org
Gabon			http://www.ga.kernel.org
Gabon			ftp://ftp.ga.kernel.org
Gambia			http://www.gm.kernel.org
Gambia			ftp://ftp.gm.kernel.org
Georgia			http://www.ge.kernel.org
Georgia			ftp://ftp.ge.kernel.org
Germany			http://www.de.kernel.org
Germany			ftp://ftp.de.kernel.org
Ghana			http://www.gh.kernel.org
Ghana			ftp://ftp.gh.kernel.org
Gibraltar		http://www.gi.kernel.org
Gibraltar		ftp://ftp.gi.kernel.org
Greece			http://www.gr.kernel.org
Greece			ftp://ftp.gr.kernel.org
Greenland		http://www.gl.kernel.org
Greenland		ftp://ftp.gl.kernel.org
Grenada			http://www.gd.kernel.org
Grenada			ftp://ftp.gd.kernel.org
Guadeloupe		http://www.gp.kernel.org
Guadeloupe		ftp://ftp.gp.kernel.org
Guam			http://www.gu.kernel.org
Guam			ftp://ftp.gu.kernel.org
Guatemala		http://www.gt.kernel.org
Guatemala		ftp://ftp.gt.kernel.org
Guernsey		http://www.gg.kernel.org
Guernsey		ftp://ftp.gg.kernel.org
Guinea			http://www.gn.kernel.org
Guinea			ftp://ftp.gn.kernel.org
Guinea-Bissau		http://www.gw.kernel.org
Guinea-Bissau		ftp://ftp.gw.kernel.org
Guyana			http://www.gy.kernel.org
Guyana			ftp://ftp.gy.kernel.org
Haiti			http://www.ht.kernel.org
Haiti			ftp://ftp.ht.kernel.org
Heard and Mc Donald Islands	http://www.hm.kernel.org
Heard and Mc Donald Islands	ftp://ftp.hm.kernel.org
Honduras		http://www.hn.kernel.org
Honduras		ftp://ftp.hn.kernel.org
Hong Kong		http://www.hk.kernel.org
Hong Kong		ftp://ftp.hk.kernel.org
Hungary			http://www.hu.kernel.org
Hungary			ftp://ftp.hu.kernel.org
Iceland			http://www.is.kernel.org
Iceland			ftp://ftp.is.kernel.org
India			http://www.in.kernel.org
India			ftp://ftp.in.kernel.org
Indonesia		http://www.id.kernel.org
Indonesia		ftp://ftp.id.kernel.org
Ireland			http://www.ie.kernel.org
Ireland			ftp://ftp.ie.kernel.org
Isle of Man		http://www.im.kernel.org
Isle of Man		ftp://ftp.im.kernel.org
Israel			http://www.il.kernel.org
Israel			ftp://ftp.il.kernel.org
Italy			http://www.it.kernel.org
Italy			ftp://ftp.it.kernel.org
Jamaica			http://www.jm.kernel.org
Jamaica			ftp://ftp.jm.kernel.org
Japan			http://www.jp.kernel.org
Japan			ftp://ftp.jp.kernel.org
Jersey			http://www.je.kernel.org
Jersey			ftp://ftp.je.kernel.org
Jordan			http://www.jo.kernel.org
Jordan			ftp://ftp.jo.kernel.org
Kazakhstan		http://www.kz.kernel.org
Kazakhstan		ftp://ftp.kz.kernel.org
Kenya			http://www.ke.kernel.org
Kenya			ftp://ftp.ke.kernel.org
Kiribati		http://www.ki.kernel.org
Kiribati		ftp://ftp.ki.kernel.org
Korea, South		http://www.kr.kernel.org
Korea, South		ftp://ftp.kr.kernel.org
Kuwait			http://www.kw.kernel.org
Kuwait			ftp://ftp.kw.kernel.org
Kyrgyzstan		http://www.kg.kernel.org
Kyrgyzstan		ftp://ftp.kg.kernel.org
Laos			http://www.la.kernel.org
Laos			ftp://ftp.la.kernel.org
Latvia			http://www.lv.kernel.org
Latvia			ftp://ftp.lv.kernel.org
Lebanon			http://www.lb.kernel.org
Lebanon			ftp://ftp.lb.kernel.org
Lesotho			http://www.ls.kernel.org
Lesotho			ftp://ftp.ls.kernel.org
Liberia			http://www.lr.kernel.org
Liberia			ftp://ftp.lr.kernel.org
Liechtenstein		http://www.li.kernel.org
Liechtenstein		ftp://ftp.li.kernel.org
Lithuania		http://www.lt.kernel.org
Lithuania		ftp://ftp.lt.kernel.org
Luxembourg		http://www.lu.kernel.org
Luxembourg		ftp://ftp.lu.kernel.org
Macau			http://www.mo.kernel.org
Macau			ftp://ftp.mo.kernel.org
Macedonia		http://www.mk.kernel.org
Macedonia		ftp://ftp.mk.kernel.org
Madagascar		http://www.mg.kernel.org
Madagascar		ftp://ftp.mg.kernel.org
Malawi			http://www.mw.kernel.org
Malawi			ftp://ftp.mw.kernel.org
Malaysia		http://www.my.kernel.org
Malaysia		ftp://ftp.my.kernel.org
Maldives		http://www.mv.kernel.org
Maldives		ftp://ftp.mv.kernel.org
Mali			http://www.ml.kernel.org
Mali			ftp://ftp.ml.kernel.org
Malta			http://www.mt.kernel.org
Malta			ftp://ftp.mt.kernel.org
Marshall Islands	http://www.mh.kernel.org
Marshall Islands	ftp://ftp.mh.kernel.org
Martinique		http://www.mq.kernel.org
Martinique		ftp://ftp.mq.kernel.org
Mauritania		http://www.mr.kernel.org
Mauritania		ftp://ftp.mr.kernel.org
Mauritius		http://www.mu.kernel.org
Mauritius		ftp://ftp.mu.kernel.org
Mayotte			http://www.yt.kernel.org
Mayotte			ftp://ftp.yt.kernel.org
Mexico			http://www.mx.kernel.org
Mexico			ftp://ftp.mx.kernel.org
Micronesia, Federated States of		http://www.fm.kernel.org
Micronesia, Federated States of		ftp://ftp.fm.kernel.org
Moldova			http://www.md.kernel.org
Moldova			ftp://ftp.md.kernel.org
Monaco			http://www.mc.kernel.org
Monaco			ftp://ftp.mc.kernel.org
Mongolia		http://www.mn.kernel.org
Mongolia		ftp://ftp.mn.kernel.org
Montserrat		http://www.ms.kernel.org
Montserrat		ftp://ftp.ms.kernel.org
Morocco			http://www.ma.kernel.org
Morocco			ftp://ftp.ma.kernel.org
Mozambique		http://www.mz.kernel.org
Mozambique		ftp://ftp.mz.kernel.org
Myanmar (Burma)		http://www.mm.kernel.org
Myanmar (Burma)		ftp://ftp.mm.kernel.org
Namibia			http://www.na.kernel.org
Namibia			ftp://ftp.na.kernel.org
Nauru			http://www.nr.kernel.org
Nauru			ftp://ftp.nr.kernel.org
Nepal			http://www.np.kernel.org
Nepal			ftp://ftp.np.kernel.org
Netherlands		http://www.nl.kernel.org
Netherlands		ftp://ftp.nl.kernel.org
Netherlands Antilles	http://www.an.kernel.org
Netherlands Antilles	ftp://ftp.an.kernel.org
New Caledonia		http://www.nc.kernel.org
New Caledonia		ftp://ftp.nc.kernel.org
New Zealand		http://www.nz.kernel.org
New Zealand		ftp://ftp.nz.kernel.org
Nicaragua		http://www.ni.kernel.org
Nicaragua		ftp://ftp.ni.kernel.org
Niger			http://www.ne.kernel.org
Niger			ftp://ftp.ne.kernel.org
Nigeria			http://www.ng.kernel.org
Nigeria			ftp://ftp.ng.kernel.org
Niue			http://www.nu.kernel.org
Niue			ftp://ftp.nu.kernel.org
Norfolk Island		http://www.nf.kernel.org
Norfolk Island		ftp://ftp.nf.kernel.org
Northern Mariana Islands	http://www.mp.kernel.org
Northern Mariana Islands	ftp://ftp.mp.kernel.org
Norway			http://www.no.kernel.org
Norway			ftp://ftp.no.kernel.org
Oman			http://www.om.kernel.org
Oman			ftp://ftp.om.kernel.org
Pakistan		http://www.pk.kernel.org
Pakistan		ftp://ftp.pk.kernel.org
Palau			http://www.pw.kernel.org
Palau			ftp://ftp.pw.kernel.org
Palestinian Territory	http://www.ps.kernel.org
Palestinian Territory	ftp://ftp.ps.kernel.org
Panama'			http://www.pa.kernel.org
Panama'			ftp://ftp.pa.kernel.org
Papua New Guinea	http://www.py.kernel.org
Papua New Guinea	ftp://ftp.py.kernel.org
Paraguay		http://www.py.kernel.org
Paraguay		ftp://ftp.py.kernel.org
Peru'			http://www.pe.kernel.org
Peru'			ftp://ftp.pe.kernel.org
Philippines		http://www.ph.kernel.org
Philippines		ftp://ftp.ph.kernel.org
Pitcairn Islands	http://www.pn.kernel.org
Pitcairn Islands	ftp://ftp.pn.kernel.org
Poland			http://www.pl.kernel.org
Poland			ftp://ftp.pl.kernel.org
Portugal		http://www.pt.kernel.org
Portugal		ftp://ftp.pt.kernel.org
Puerto Rico		http://www.pr.kernel.org
Puerto Rico		ftp://ftp.pr.kernel.org
Qatar			http://www.qa.kernel.org
Qatar			ftp://ftp.qa.kernel.org
Re'union		http://www.re.kernel.org
Re'union		ftp://ftp.re.kernel.org
Romania			http://www.ro.kernel.org
Romania			ftp://ftp.ro.kernel.org
Russian Federation	http://www.ru.kernel.org
Russian Federation	ftp://ftp.ru.kernel.org
Rwanda			http://www.rw.kernel.org
Rwanda			ftp://ftp.rw.kernel.org
Saint Helena		http://www.sh.kernel.org
Saint Helena		ftp://ftp.sh.kernel.org
Saint Kitts and Nevis	http://www.kn.kernel.org
Saint Kitts and Nevis	ftp://ftp.kn.kernel.org
Saint Lucia		http://www.lc.kernel.org
Saint Lucia		ftp://ftp.lc.kernel.org
Saint Pierre and Miquelon	http://www.pm.kernel.org
Saint Pierre and Miquelon	ftp://ftp.pm.kernel.org
Saint Vincent and The Grenadines	http://www.vc.kernel.org
Saint Vincent and The Grenadines	ftp://ftp.vc.kernel.org
Samoa			http://www.ws.kernel.org
Samoa			ftp://ftp.ws.kernel.org
San Marino		http://www.sm.kernel.org
San Marino		ftp://ftp.sm.kernel.org
Sa~o Tome' and Pri'ncipe	http://www.st.kernel.org
Sa~o Tome' and Pri'ncipe	ftp://ftp.st.kernel.org
Saudi Arabia		http://www.sa.kernel.org
Saudi Arabia		ftp://ftp.sa.kernel.org
Senegal			http://www.sn.kernel.org
Senegal			ftp://ftp.sn.kernel.org
Seychelles		http://www.sc.kernel.org
Seychelles		ftp://ftp.sc.kernel.org
Sierra Leone		http://www.sl.kernel.org
Sierra Leone		ftp://ftp.sl.kernel.org
Singapore		http://www.sg.kernel.org
Singapore		ftp://ftp.sg.kernel.org
Slovakia		http://www.sk.kernel.org
Slovakia		ftp://ftp.sk.kernel.org
Slovenia		http://www.si.kernel.org
Slovenia		ftp://ftp.si.kernel.org
Solomon Islands		http://www.sb.kernel.org
Solomon Islands		ftp://ftp.sb.kernel.org
Somalia			http://www.so.kernel.org
Somalia			ftp://ftp.so.kernel.org
South Africa		http://www.za.kernel.org
South Africa		ftp://ftp.za.kernel.org
South Georgia and The South Sandwich Islands	http://www.gs.kernel.org
South Georgia and The South Sandwich Islands	ftp://ftp.gs.kernel.org
Spain			http://www.es.kernel.org
Spain			ftp://ftp.es.kernel.org
Sri Lanka		http://www.lk.kernel.org
Sri Lanka		ftp://ftp.lk.kernel.org
Suriname		http://www.sr.kernel.org
Suriname		ftp://ftp.sr.kernel.org
Svalbard and Jan Mayen Islands	http://www.sj.kernel.org
Svalbard and Jan Mayen Islands	ftp://ftp.sj.kernel.org
Swaziland		http://www.sz.kernel.org
Swaziland		ftp://ftp.sz.kernel.org
Sweden			http://www.se.kernel.org
Sweden			ftp://ftp.se.kernel.org
Switzerland		http://www.ch.kernel.org
Switzerland		ftp://ftp.ch.kernel.org
Taiwan			http://www.tw.kernel.org
Taiwan			ftp://ftp.tw.kernel.org
Tajikistan		http://www.tj.kernel.org
Tajikistan		ftp://ftp.tj.kernel.org
Tanzania		http://www.tz.kernel.org
Tanzania		ftp://ftp.tz.kernel.org
Thailand		http://www.th.kernel.org
Thailand		ftp://ftp.th.kernel.org
Togo			http://www.tg.kernel.org
Togo			ftp://ftp.tg.kernel.org
Tokelau			http://www.tk.kernel.org
Tokelau			ftp://ftp.tk.kernel.org
Tonga			http://www.to.kernel.org
Tonga			ftp://ftp.to.kernel.org
Trinidad and Tobago	http://www.ta.kernel.org
Trinidad and Tobago	ftp://ftp.ta.kernel.org
Tunisia			http://www.tn.kernel.org
Tunisia			ftp://ftp.tn.kernel.org
Turkey			http://www.tr.kernel.org
Turkey			ftp://ftp.tr.kernel.org
Turkmenistan		http://www.tm.kernel.org
Turkmenistan		ftp://ftp.tm.kernel.org
Turks and Caicos Islands	http://www.tc.kernel.org
Turks and Caicos Islands	ftp://ftp.tc.kernel.org
Tuvalu			http://www.tv.kernel.org
Tuvalu			ftp://ftp.tv.kernel.org
Uganda			http://www.ug.kernel.org
Uganda			ftp://ftp.ug.kernel.org
Ukraine			http://www.ua.kernel.org
Ukraine			ftp://ftp.ua.kernel.org
United Arab Emirates	http://www.ae.kernel.org
United Arab Emirates	ftp://ftp.ae.kernel.org
United Kingdom		http://www.uk.kernel.org
United Kingdom		ftp://ftp.uk.kernel.org
United States		http://www.us.kernel.org
United States		ftp://ftp.us.kernel.org
United States Minor Outlying Islands	http://www.um.kernel.org
United States Minor Outlying Islands	ftp://ftp.um.kernel.org
Uruguay			http://www.uy.kernel.org
Uruguay			ftp://ftp.uy.kernel.org
Uzbekistan		http://www.uz.kernel.org
Uzbekistan		ftp://ftp.uz.kernel.org
Vanuatu			http://www.vu.kernel.org
Vanuatu			ftp://ftp.vu.kernel.org
Vatican City (Holy See)		http://www.va.kernel.org
Vatican City (Holy See)		ftp://ftp.va.kernel.org
Venezuela		http://www.ve.kernel.org
Venezuela		ftp://ftp.ve.kernel.org
Vietnam			http://www.vn.kernel.org
Vietnam			ftp://ftp.vn.kernel.org
Virgin Islands (British)	http://www.vg.kernel.org
Virgin Islands (British)	ftp://ftp.vg.kernel.org
Virgin Islands (U.S.)		http://www.vi.kernel.org
Virgin Islands (U.S.)		ftp://ftp.vi.kernel.org
Wallis and Futuna Islands	http://www.wf.kernel.org
Wallis and Futuna Islands	ftp://ftp.wf.kernel.org
Western Sahara		http://www.eh.kernel.org
Western Sahara		ftp://ftp.eh.kernel.org
Yemen			http://www.ye.kernel.org
Yemen			ftp://ftp.ye.kernel.org
Yugoslavia		http://www.yu.kernel.org
Yugoslavia		ftp://ftp.yu.kernel.org
Zambia			http://www.zm.kernel.org
Zambia			ftp://ftp.zm.kernel.org
Zimbabwe		http://www.zw.kernel.org
Zimbabwe		ftp://ftp.zw.kernel.org
